{
  "$schema": "http://json-schema.org/draft-04/schema#",
  "type": "array",
  "items": [
    {
      "type": "object",
      "properties": {
        "address": {
          "type": "object",
          "properties": {
            "geolocation": {
              "type": "object",
              "properties": {
                "lat": {
                  "type": "string"
                },
                "long": {
                  "type": "string"
                }
              },
              "required": [
                "lat",
                "long"
              ]
            },
            "city": {
              "type": "string"
            },
            "street": {
              "type": "string"
            },
            "number": {
              "type": "integer"
            },
            "zipcode": {
              "type": "string"
            }
          },
          "required": [
            "geolocation",
            "city",
            "street",
            "number",
            "zipcode"
          ]
        },
        "id": {
          "type": "integer"
        },
        "email": {
          "type": "string"
        },
        "username": {
          "type": "string"
        },
        "password": {
          "type": "string"
        },
        "name": {
          "type": "object",
          "properties": {
            "firstname": {
              "type": "string"
            },
            "lastname": {
              "type": "string"
            }
          },
          "required": [
            "firstname",
            "lastname"
          ]
        },
        "phone": {
          "type": "string"
        },
        "__v": {
          "type": "integer"
        }
      },
      "required": [
        "address",
        "id",
        "email",
        "username",
        "password",
        "name",
        "phone",
        "__v"
      ]
    }
  ]
}